{"columns_to_windowize": [2, 3, 4, 5, 6], "column_stds": {"Volume": 5951511.892980623, "High": 16.09303983953457, "Open": 15.98781999907962, "Low": 15.858273992533551, "Close": 15.97241368938206}, "columns_to_standardize": ["Volume", "Open", "High", "Low", "Close"], "column_means": {"Volume": 10092161.650306748, "High": 34.315903728173694, "Open": 34.013869749881955, "Low": 33.71573855592258, "Close": 34.02426144407736}, "input_window_size": 5, "dataset_path": "saved_models/predictor_1_NKE_input_data.pkl"}