{"columns_to_windowize": [2, 3, 4, 5], "column_stds": {"High": 1.0, "Close": 0.9999999999999993, "Open": 0.9999999999999997, "Low": 1.0}, "columns_to_standardize": ["Open", "High", "Low", "Close"], "column_means": {"High": 1.737882150147455e-15, "Close": 2.3645631056040045e-15, "Open": -4.342422978548556e-15, "Low": -7.529953166136083e-15}, "input_window_size": 5, "dataset_path": "saved_models/predictor_2_BABA_input_data.pkl"}