{"columns_to_windowize": [2, 3, 4, 5, 6], "column_stds": {"Volume": 9210901.414526112, "High": 24.945555940770863, "Open": 24.583927207099293, "Low": 24.212203860188342, "Close": 24.62856240542604}, "columns_to_standardize": ["Volume", "Open", "High", "Low", "Close"], "column_means": {"Volume": 13619326.530689329, "High": 25.544003777148266, "Open": 25.16888101982998, "Low": 24.792965061378673, "Close": 25.192360717658172}, "input_window_size": 5, "dataset_path": "saved_models/predictor_1_NVDA_input_data.pkl"}