{"columns_to_windowize": [2, 3, 4, 5], "column_stds": {"High": 1.0000000000000016, "Close": 0.9999999999999978, "Open": 0.9999999999999997, "Low": 0.999999999999999}, "columns_to_standardize": ["Open", "High", "Low", "Close"], "column_means": {"High": -3.1756884364596503e-15, "Close": -4.4105037382230146e-15, "Open": 1.0203153931831193e-15, "Low": -3.1285340843047355e-15}, "input_window_size": 5, "dataset_path": "saved_models/predictor_2_BAC_input_data.pkl"}