{"columns_to_windowize": [2, 3, 4, 5, 6], "column_stds": {"Volume": 4264852.189046041, "High": 98.84321173476113, "Open": 97.4472032178025, "Low": 96.01304115568887, "Close": 97.48700730101898}, "columns_to_standardize": ["Volume", "Open", "High", "Low", "Close"], "column_means": {"Volume": 4327824.510028653, "High": 140.00893982808046, "Open": 137.6208595988538, "Low": 135.13952435530075, "Close": 137.6332263610316}, "input_window_size": 5, "dataset_path": "saved_models/predictor_1_TSLA_input_data.pkl"}