{"columns_to_windowize": [0, 1, 2, 3, 4], "column_stds": {"Volume": 0.9999999999999998, "High": 0.9999999999999996, "Open": 1.0, "Low": 1.0, "Close": 1.0000000000000002}, "columns_to_standardize": ["Volume", "Open", "High", "Low", "Close"], "column_means": {"Volume": 3.226356334545722e-17, "High": 1.5205547449634816e-15, "Open": -3.8370314165515325e-17, "Low": -1.780130968662432e-15, "Close": 1.3102518755207937e-15}, "input_window_size": 5, "dataset_path": "saved_models/predictor_4_AMZN_input_data.pkl"}