{"columns_to_windowize": [2, 3, 4, 5], "column_stds": {"High": 0.9999999999999999, "Close": 1.0, "Open": 1.0, "Low": 0.9999999999999997}, "columns_to_standardize": ["Open", "High", "Low", "Close"], "column_means": {"High": -1.928999400670716e-17, "Close": 6.265054575221847e-16, "Open": 1.5138451818307139e-15, "Low": -8.512758224699029e-17}, "input_window_size": 5, "dataset_path": "saved_models/predictor_2_NVDA_input_data.pkl"}