{"columns_to_windowize": [2, 3, 4, 5], "column_stds": {"High": 1.0000000000000002, "Close": 1.000000000000001, "Open": 0.9999999999999984, "Low": 0.9999999999999991}, "columns_to_standardize": ["Open", "High", "Low", "Close"], "column_means": {"High": -2.4802827731797765e-15, "Close": -1.6412213835662199e-15, "Open": 5.779522037647519e-16, "Low": 1.1032244840687803e-15}, "input_window_size": 5, "dataset_path": "saved_models/predictor_2_TSLA_input_data.pkl"}