{"columns_to_windowize": [2, 3, 4, 5], "column_stds": {"Volume": 0.9999999999999991, "High": 1.0000000000000016, "Low": 0.999999999999999, "Close": 0.9999999999999978}, "columns_to_standardize": ["Volume", "High", "Low", "Close"], "column_means": {"Volume": 1.6032479732670973e-17, "High": -3.1756884364596503e-15, "Low": -3.1285340843047355e-15, "Close": -4.4105037382230146e-15}, "input_window_size": 5, "dataset_path": "saved_models/predictor_3_BAC_input_data.pkl"}