{"columns_to_windowize": [2, 3, 4, 5, 6], "column_stds": {"Volume": 33595649.25388053, "High": 38.01829823304236, "Open": 37.84777112987224, "Low": 37.666513211151525, "Close": 37.89066188896984}, "columns_to_standardize": ["Volume", "Open", "High", "Low", "Close"], "column_means": {"Volume": 39873612.32545311, "High": 76.97487381703465, "Open": 76.16046529968465, "Low": 75.28981072555204, "Close": 76.12860520094564}, "input_window_size": 5, "dataset_path": "saved_models/predictor_1_FB_input_data.pkl"}