{"columns_to_windowize": [0, 1, 2, 3, 4], "column_stds": {"Volume": 1.0000000000000018, "High": 0.9999999999999999, "Open": 1.0, "Low": 0.9999999999999997, "Close": 1.0}, "columns_to_standardize": ["Volume", "Open", "High", "Low", "Close"], "column_means": {"Volume": 3.9481585559379974e-16, "High": -1.928999400670716e-17, "Open": 1.5138451818307139e-15, "Low": -8.512758224699029e-17, "Close": 6.265054575221847e-16}, "input_window_size": 5, "dataset_path": "saved_models/predictor_4_NVDA_input_data.pkl"}