{"columns_to_windowize": [2, 3, 4, 5, 6], "column_stds": {"Volume": 14758292.799067412, "High": 14.5414207314219, "Open": 14.541932814069247, "Low": 14.474233445751128, "Close": 14.516184748208534}, "columns_to_standardize": ["Volume", "Open", "High", "Low", "Close"], "column_means": {"Volume": 16438211.51835536, "High": 89.93866372980908, "Open": 88.91982378854632, "Low": 87.8012041116007, "Close": 88.85835535976501}, "input_window_size": 5, "dataset_path": "saved_models/predictor_1_BABA_input_data.pkl"}