{"columns_to_windowize": [2, 3, 4, 5], "column_stds": {"High": 1.0, "Close": 0.9999999999999992, "Open": 0.9999999999999991, "Low": 1.0000000000000013}, "columns_to_standardize": ["Open", "High", "Low", "Close"], "column_means": {"High": -4.778045716408266e-16, "Close": -6.6533743016092205e-15, "Open": 2.771680425941265e-15, "Low": -8.373093524698957e-15}, "input_window_size": 5, "dataset_path": "saved_models/predictor_2_IBM_input_data.pkl"}