{"columns_to_windowize": [2, 3, 4, 5], "column_stds": {"Volume": 0.9999999999999999, "High": 0.9999999999999989, "Low": 0.9999999999999993, "Close": 0.9999999999999974}, "columns_to_standardize": ["Volume", "High", "Low", "Close"], "column_means": {"Volume": -2.385040019851021e-16, "High": -1.9877080780824334e-15, "Low": -2.5037154177618498e-15, "Close": 5.514422199743459e-16}, "input_window_size": 5, "dataset_path": "saved_models/predictor_3_AAPL_input_data.pkl"}