{"columns_to_windowize": [2, 3, 4, 5, 6], "column_stds": {"Volume": 3591189.6510401648, "High": 228.99303443382948, "Open": 227.64143658733684, "Low": 226.04945289261252, "Close": 227.61829729818277}, "columns_to_standardize": ["Volume", "Open", "High", "Low", "Close"], "column_means": {"Volume": 5012480.468838527, "High": 338.19711520302127, "Open": 334.7554485363551, "Low": 331.0969121813031, "Close": 334.86357412653433}, "input_window_size": 5, "dataset_path": "saved_models/predictor_1_AMZN_input_data.pkl"}