{"columns_to_windowize": [0, 1, 2, 3, 4], "column_stds": {"Volume": 0.9999999999999991, "High": 1.0, "Open": 0.9999999999999997, "Low": 1.0, "Close": 0.9999999999999993}, "columns_to_standardize": ["Volume", "Open", "High", "Low", "Close"], "column_means": {"Volume": -1.7558152680195208e-16, "High": 1.737882150147455e-15, "Open": -4.342422978548556e-15, "Low": -7.529953166136083e-15, "Close": 2.3645631056040045e-15}, "input_window_size": 5, "dataset_path": "saved_models/predictor_4_BABA_input_data.pkl"}