{"columns_to_windowize": [2, 3, 4, 5], "column_stds": {"High": 0.9999999999999991, "Close": 0.9999999999999982, "Open": 1.0, "Low": 1.0000000000000004}, "columns_to_standardize": ["Open", "High", "Low", "Close"], "column_means": {"High": -2.030152041442924e-15, "Close": 1.7193524670174204e-15, "Open": 3.4719225554417473e-15, "Low": 1.9443311205209795e-15}, "input_window_size": 5, "dataset_path": "saved_models/predictor_2_NKE_input_data.pkl"}