{"columns_to_windowize": [2, 3, 4, 5, 6], "column_stds": {"Volume": 25346110.013476193, "High": 12.842128195188804, "Open": 12.778592742852801, "Low": 12.717384870780876, "Close": 12.789720339667454}, "columns_to_standardize": ["Volume", "Open", "High", "Low", "Close"], "column_means": {"Volume": 46627958.75779037, "High": 37.1631350330501, "Open": 36.83772898961282, "Low": 36.52071293673277, "Close": 36.861095372993375}, "input_window_size": 5, "dataset_path": "saved_models/predictor_1_MSFT_input_data.pkl"}