{"columns_to_windowize": [2, 3, 4, 5], "column_stds": {"Volume": 0.9999999999999987, "High": 1.0, "Low": 1.0, "Close": 1.0}, "columns_to_standardize": ["Volume", "High", "Low", "Close"], "column_means": {"Volume": 4.715604493876749e-16, "High": -5.183375635473917e-17, "Low": 1.0121591612513257e-16, "Close": -1.8022532945057702e-16}, "input_window_size": 5, "dataset_path": "saved_models/predictor_3_FB_input_data.pkl"}