{"columns_to_windowize": [2, 3, 4, 5], "column_stds": {"Volume": 0.9999999999999996, "High": 0.9999999999999986, "Low": 0.9999999999999998, "Close": 1.0000000000000007}, "columns_to_standardize": ["Volume", "High", "Low", "Close"], "column_means": {"Volume": -2.29383189601496e-16, "High": -4.453682203222464e-15, "Low": -1.8591780093203517e-15, "Close": 1.6406978598096033e-15}, "input_window_size": 5, "dataset_path": "saved_models/predictor_3_MSFT_input_data.pkl"}