{"columns_to_windowize": [2, 3, 4, 5], "column_stds": {"Volume": 1.0000000000000002, "High": 0.9999999999999991, "Low": 1.0000000000000004, "Close": 0.9999999999999982}, "columns_to_standardize": ["Volume", "High", "Low", "Close"], "column_means": {"Volume": 2.7328566760003855e-16, "High": -2.030152041442924e-15, "Low": 1.9443311205209795e-15, "Close": 1.7193524670174204e-15}, "input_window_size": 5, "dataset_path": "saved_models/predictor_3_NKE_input_data.pkl"}