{"columns_to_windowize": [0, 1, 2, 3, 4], "column_stds": {"Volume": 1.000000000000001, "High": 1.0, "Open": 0.9999999999999991, "Low": 1.0000000000000013, "Close": 0.9999999999999992}, "columns_to_standardize": ["Volume", "Open", "High", "Low", "Close"], "column_means": {"Volume": -9.928610814840357e-17, "High": -4.778045716408266e-16, "Open": 2.771680425941265e-15, "Low": -8.373093524698957e-15, "Close": -6.6533743016092205e-15}, "input_window_size": 5, "dataset_path": "saved_models/predictor_4_IBM_input_data.pkl"}