{"columns_to_windowize": [2, 3, 4, 5, 6], "column_stds": {"Volume": 62230796.420674644, "High": 35.44881397282197, "Open": 35.205997680701074, "Low": 34.96544191826, "Close": 35.21548508951778}, "columns_to_standardize": ["Volume", "Open", "High", "Low", "Close"], "column_means": {"Volume": 96565165.17610954, "High": 76.07011331444768, "Open": 75.40293201133153, "Low": 74.6910151085931, "Close": 75.40019357884793}, "input_window_size": 5, "dataset_path": "saved_models/predictor_1_AAPL_input_data.pkl"}