{"columns_to_windowize": [2, 3, 4, 5], "column_stds": {"High": 0.9999999999999986, "Close": 1.0000000000000007, "Open": 0.9999999999999999, "Low": 0.9999999999999998}, "columns_to_standardize": ["Open", "High", "Low", "Close"], "column_means": {"High": -4.453682203222464e-15, "Close": 1.6406978598096033e-15, "Open": 2.195494861350333e-15, "Low": -1.8591780093203517e-15}, "input_window_size": 5, "dataset_path": "saved_models/predictor_2_MSFT_input_data.pkl"}