{"columns_to_windowize": [0, 1, 2, 3, 4], "column_stds": {"Volume": 0.9999999999999996, "High": 0.9999999999999986, "Open": 0.9999999999999999, "Low": 0.9999999999999998, "Close": 1.0000000000000007}, "columns_to_standardize": ["Volume", "Open", "High", "Low", "Close"], "column_means": {"Volume": -2.29383189601496e-16, "High": -4.453682203222464e-15, "Open": 2.195494861350333e-15, "Low": -1.8591780093203517e-15, "Close": 1.6406978598096033e-15}, "input_window_size": 5, "dataset_path": "saved_models/predictor_4_MSFT_input_data.pkl"}