{"columns_to_windowize": [2, 3, 4, 5, 6], "column_stds": {"Volume": 123181703.22307569, "High": 4.19448068101502, "Open": 4.195093140245129, "Low": 4.198363356148799, "Close": 4.199434136436816}, "columns_to_standardize": ["Volume", "Open", "High", "Low", "Close"], "column_means": {"Volume": 162239875.0405852, "High": 14.111609249646069, "Open": 13.939754601226987, "Low": 13.74691363850874, "Close": 13.922227465785765}, "input_window_size": 5, "dataset_path": "saved_models/predictor_1_BAC_input_data.pkl"}