{"columns_to_windowize": [2, 3, 4, 5], "column_stds": {"Volume": 1.0000000000000009, "High": 1.0000000000000002, "Low": 0.9999999999999991, "Close": 1.000000000000001}, "columns_to_standardize": ["Volume", "High", "Low", "Close"], "column_means": {"Volume": 1.3141350471995764e-16, "High": -2.4802827731797765e-15, "Low": 1.1032244840687803e-15, "Close": -1.6412213835662199e-15}, "input_window_size": 5, "dataset_path": "saved_models/predictor_3_TSLA_input_data.pkl"}