{"columns_to_windowize": [2, 3, 4, 5, 6], "column_stds": {"Volume": 2748005.7547106384, "High": 30.101320523528308, "Open": 30.08138964252887, "Low": 30.01293490775503, "Close": 30.015798559127166}, "columns_to_standardize": ["Volume", "Open", "High", "Low", "Close"], "column_means": {"Volume": 5166923.367626239, "High": 162.8022369042001, "Open": 161.5799150542708, "Low": 160.5078433223221, "Close": 161.70932515337444}, "input_window_size": 5, "dataset_path": "saved_models/predictor_1_IBM_input_data.pkl"}