{"columns_to_windowize": [2, 3, 4, 5], "column_stds": {"High": 0.9999999999999989, "Close": 0.9999999999999974, "Open": 1.0000000000000009, "Low": 0.9999999999999993}, "columns_to_standardize": ["Open", "High", "Low", "Close"], "column_means": {"High": -1.9877080780824334e-15, "Close": 5.514422199743459e-16, "Open": -2.6387453758088e-15, "Low": -2.5037154177618498e-15}, "input_window_size": 5, "dataset_path": "saved_models/predictor_2_AAPL_input_data.pkl"}